{
  "sample_source": "charades_sta",
  "used_samples": 300,
  "missing_videos": 0,
  "failures": 0,
  "metric_denominator": "all successfully processed queries; unparsable predictions count as IoU 0",
  "baseline": {
    "samples": 300,
    "mIoU": 0.3855370024086093,
    "Recall@1_IoU=0.3": 0.5633333333333334,
    "Recall@1_IoU=0.5": 0.4066666666666667,
    "Recall@1_IoU=0.7": 0.23
  },
  "adaptive": {
    "samples": 300,
    "mIoU": 0.4031469984012166,
    "Recall@1_IoU=0.3": 0.6,
    "Recall@1_IoU=0.5": 0.4166666666666667,
    "Recall@1_IoU=0.7": 0.23333333333333334
  },
  "details_jsonl": "outputs/qwen25vl_adaptive_temporal/run300_charades_budget64_details.jsonl"
}